"OA","White_British","Low_Occupancy","Unemployed","Qualification"
"E00004120",42.3566878980892,6.29370629370629,1.89393939393939,73.6263736263736
"E00004121",47.2,5.93220338983051,2.68817204301075,69.9029126213592
"E00004122",40.6779661016949,2.9126213592233,1.21212121212121,67.5824175824176
"E00004123",49.6621621621622,0.925925925925926,2.80373831775701,60.7758620689655
"E00004124",51.1363636363636,2,3.81679389312977,65.9863945578231
"E00004125",41.4179104477612,3.93258426966292,3.84615384615385,74.2063492063492
"E00004126",48.5401459854015,5.55555555555556,4.54545454545455,62.4472573839662
"E00004127",48.6792452830189,8.87096774193548,0.938967136150235,60.352422907489
"E00004128",45.3924914675768,2.48447204968944,2.16450216450216,70.0787401574803
"E00004129",49.0566037735849,3.52112676056338,4.31034482758621,66.6666666666667
"E00004130",38.8059701492537,6.25,0.917431192660551,66.6666666666667
"E00004131",39.6428571428571,7.56302521008403,1.86915887850467,64.4736842105263
"E00004132",55.8823529411765,4.34782608695652,3.79746835443038,73.4939759036145
"E00004133",41.9607843137255,7.6271186440678,1.99004975124378,65.3846153846154
"E00004134",53.1914893617021,6,2.7027027027027,72.8915662650602
"E00004135",46.8531468531469,4.76190476190476,3.73134328358209,74.8201438848921
"E00004136",59.6491228070175,0.909090909090909,2.73224043715847,73.6842105263158
"E00004137",48.1617647058824,5.4421768707483,2.75229357798165,69.0677966101695
"E00004138",42.2222222222222,2.8169014084507,4.97237569060773,58.1632653061224
"E00004139",17.7177177177177,64.2857142857143,15.9420289855072,22.9665071770335
"E00004140",45.1456310679612,4.5045045045045,3.14465408805031,71.978021978022
"E00004141",45.7446808510638,3.50877192982456,2.46913580246914,64.9122807017544
"E00004142",45.9915611814346,6.01503759398496,5,70.4761904761905
"E00004143",42.9752066115703,3.17460317460317,1.57894736842105,70.5
"E00004144",58.695652173913,1.96078431372549,3.50877192982456,76.0869565217391
"E00004145",42.1875,3.63636363636364,2.34741784037559,65.929203539823
"E00004146",51.4056224899598,9.52380952380952,3.24074074074074,70.2702702702703
"E00004147",60,7.14285714285714,1.55440414507772,72.4137931034483
"E00004148",62.8571428571429,1.88679245283019,2.91970802919708,66.2251655629139
"E00004149",54.8961424332344,4.69798657718121,1.55642023346304,65.2920962199313
"E00004150",37.5,8.84353741496599,1.89393939393939,80
"E00004151",53.2567049808429,2.7027027027027,2.20264317180617,79.3248945147679
"E00004152",58.0246913580247,1.76991150442478,3.38983050847458,70.2564102564102
"E00004153",37.378640776699,6.48148148148148,2.85714285714286,65.5555555555556
"E00004154",30.9803921568627,1.63934426229508,1.49253731343284,68.8679245283019
"E00004155",31.2,2.9126213592233,0,65.6565656565657
"E00004156",41.7040358744395,5.55555555555556,4.6242774566474,72.8260869565217
"E00004157",42.9203539823009,6.38297872340426,0.564971751412429,70.8108108108108
"E00004158",44.3661971830986,14.5161290322581,4.69483568075117,36.322869955157
"E00004159",28.9340101522843,20,10.5058365758755,25.5395683453237
"E00004160",36.4485981308411,15.5339805825243,9.21985815602837,32.3353293413174
"E00004161",53.2338308457711,6.25,3.18471337579618,72.4137931034483
"E00004162",33.8709677419355,7.03125,5.26315789473684,66.1971830985916
"E00004163",39.440203562341,6.13496932515337,4.24028268551237,57.8595317725752
"E00004164",30.2872062663185,23.125,7.25190839694656,29.3706293706294
"E00004165",32.7536231884058,20.5479452054795,8.53658536585366,26.0536398467433
"E00004166",26.9230769230769,24.8407643312102,10.2661596958175,26.4084507042254
"E00004167",63.3802816901408,4.04040404040404,1.05263157894737,65.2380952380952
"E00004168",50.5154639175258,3.6697247706422,4.1958041958042,76.1904761904762
"E00004169",40.3785488958991,16.1073825503356,1.79856115107914,55.6666666666667
"E00004172",43.6681222707424,10.1351351351351,6.19047619047619,58.5253456221198
"E00004173",38.423645320197,6.2992125984252,1.2216404886562,35.2159468438538
"E00004174",15.6934306569343,24.4274809160305,1.73160173160173,26.6393442622951
"E00004175",33.2179930795848,16.40625,18.6234817813765,30.9160305343511
"E00004177",39.1891891891892,9.45945945945946,0.353356890459364,34.4709897610922
"E00004179",50.1529051987768,13.6842105263158,4.58333333333333,32.5088339222615
"E00004180",29.6819787985866,10.9375,3.94088669950739,56.8720379146919
"E00004181",54.3661971830986,12.7358490566038,4.47154471544715,31.7307692307692
"E00004182",36.1111111111111,14.4736842105263,7.69230769230769,49.3333333333333
"E00004183",48.7309644670051,14.1509433962264,7.23684210526316,32.1212121212121
"E00004184",47.6190476190476,9.82142857142857,5.98802395209581,33.5135135135135
"E00004185",20.0968523002421,19.2982456140351,2.63157894736842,44.4794952681388
"E00004187",38.1147540983607,15.929203539823,2.58823529411765,51.5981735159817
"E00004188",28.021978021978,19.2660550458716,4.21686746987952,57.0621468926554
"E00004189",13.8801261829653,26.271186440678,2.92207792207792,47.2491909385113
"E00004190",58.8110403397028,7.03125,2.78422273781903,64.1791044776119
"E00004193",34.855403348554,11.7647058823529,0.630914826498423,50.9287925696594
"E00004194",39.6825396825397,9.02777777777778,2.20264317180617,67.0940170940171
"E00004195",38.2636655948553,17.2932330827068,1.0752688172043,62.6297577854671
"E00004196",58.2938388625592,3.96039603960396,2.3121387283237,68.1818181818182
"E00004197",47.4708171206226,6.89655172413793,0.420168067226891,62.6506024096386
"E00004198",30.8571428571429,12.6373626373626,2.77777777777778,46.7065868263473
"E00004199",40.2097902097902,7.36196319018405,2.77777777777778,60.6870229007634
"E00004200",39.9193548387097,11.7647058823529,3.52422907488987,57.2033898305085
"E00004201",65.4411764705882,2.77777777777778,0.467289719626168,72.9257641921397
"E00004202",63.7426900584795,2.5,6.71641791044776,27.6470588235294
"E00004203",52.9780564263323,6.70731707317073,2.4822695035461,65.5518394648829
"E00004204",55.2346570397112,4.69798657718121,2.29357798165138,68.8259109311741
"E00004205",60.3217158176944,5.51724137931035,2.64026402640264,62.5786163522013
"E00004206",56.4516129032258,19.6850393700787,7.98319327731092,31.7460317460317
"E00004207",31.5068493150685,16.40625,10.0401606425703,25.9398496240602
"E00004208",40.5940594059406,20,7.9646017699115,26.1410788381743
"E00004209",42.0664206642066,10.6194690265487,3.78151260504202,38.4615384615385
"E00004210",30.6501547987616,19.047619047619,10.6976744186047,20.8695652173913
"E00004211",45.4248366013072,12.0967741935484,2.64150943396226,44.8905109489051
"E00004212",57.2727272727273,13.4328358208955,5.76923076923077,57.9545454545455
"E00004213",30.4824561403509,21.5568862275449,6.8452380952381,36.950146627566
"E00004214",33.7811900191939,9.05349794238683,4.5346062052506,40.2843601895735
"E00004215",52.7881040892193,3.87596899224806,1.79372197309417,66.2280701754386
"E00004216",66.2207357859532,3.42465753424658,1.26050420168067,70.7317073170732
"E00004217",53.6885245901639,7.09219858156028,7.00934579439252,61.9909502262443
"E00004218",53.4426229508197,11.4503816793893,4.31034482758621,42.8571428571429
"E00004219",52.1857923497268,14.7368421052632,4.57516339869281,55.625
"E00004220",64.7058823529412,11.4942528735632,2.60869565217391,34.2857142857143
"E00004221",48.2758620689655,1.8018018018018,0.540540540540541,76.4397905759162
"E00004222",52.5581395348837,4.58715596330275,1.71428571428571,58.2417582417582
"E00004223",32.398753894081,24.1379310344828,11.6731517509728,40
"E00004224",59.2857142857143,4.76190476190476,1.72413793103448,71.7842323651452
"E00004225",38.2289416846652,12.3076923076923,7.79816513761468,46.27539503386
"E00004226",60.15625,1.68067226890756,1.5625,69.7115384615385
"E00004227",58.6715867158672,8.27586206896552,5.90909090909091,66.8085106382979
"E00004228",60.7843137254902,3.73831775700935,3.08641975308642,76.878612716763
"E00004229",44.0251572327044,4.02298850574713,5,67.9442508710801
"E00004230",46.2897526501767,13.8461538461538,4.91803278688525,47.1774193548387
"E00004231",62.5,6.33802816901408,1.18577075098814,72.5868725868726
"E00004232",60.8910891089109,3.03030303030303,1.89873417721519,57.3033707865169
"E00004233",63.2034632034632,6.45161290322581,5.78947368421053,60.3864734299517
"E00004234",61.5702479338843,5.64516129032258,2,78.6729857819905
"E00004235",43.8650306748466,10.4294478527607,5.57620817843866,50.7246376811594
"E00004236",48.0243161094225,15.3333333333333,5.46075085324232,48.6754966887417
"E00004237",41.9475655430712,16.260162601626,3.68663594470046,43.3628318584071
"E00004238",60,9.52380952380952,3.09734513274336,61.9433198380567
"E00004239",61.3953488372093,6.30630630630631,2.40963855421687,46.7032967032967
"E00004240",40.1215805471125,15.4411764705882,6.45161290322581,44.7916666666667
"E00004241",58.9830508474576,3.00751879699248,0.432900432900433,70.5645161290323
"E00004242",32.3863636363636,5.71428571428571,0.680272108843537,74.6666666666667
"E00004243",64.8275862068965,10,0,67.1111111111111
"E00004244",20.2054794520548,30,10.3960396039604,26.5700483091787
"E00004245",55.205047318612,13.4969325153374,3.64372469635628,43.1159420289855
"E00004246",43.6868686868687,6.61157024793388,2.03527815468114,31.0575635876841
"E00004247",58.5987261146497,10.8974358974359,1.96850393700787,61.5384615384615
"E00004248",46.1883408071749,13.5265700483092,5.23415977961433,49.3261455525606
"E00004249",60.1769911504425,14.0350877192982,6.18556701030928,66.3366336633663
"E00004250",67.8966789667897,3.1496062992126,2.60869565217391,62.8691983122363
"E00004251",60.1731601731602,5.26315789473684,5.88235294117647,66.4948453608247
"E00004252",58.7301587301587,9.56521739130435,5.61224489795918,56.4593301435407
"E00004253",49.3243243243243,18.9393939393939,3.01724137931034,35.8870967741936
"E00004254",34.9206349206349,25.2100840336134,9.82142857142857,29.3617021276596
"E00004255",55.6737588652482,10.15625,3.1390134529148,46.9827586206897
"E00004256",26.8698060941828,14.7651006711409,4.21455938697318,42.1232876712329
"E00004257",48.8636363636364,16.8141592920354,4.83091787439614,57.0776255707763
"E00004258",60.1694915254237,13.5135135135135,3.11111111111111,59.4713656387665
"E00004259",25.609756097561,23.0769230769231,9.27835051546392,27.1428571428571
"E00004260",44.0909090909091,16.9117647058824,12.3595505617978,27.3224043715847
"E00004261",38.1818181818182,18.4210526315789,5.5045871559633,37.0535714285714
"E00004262",30.2491103202847,30.7017543859649,5.97826086956522,24.4791666666667
"E00004263",26.2337662337662,27.2727272727273,10.6995884773663,30.6451612903226
"E00004264",58.0459770114943,11.3636363636364,1.875,58.7155963302752
"E00004265",56.4102564102564,15.1785714285714,5.26315789473684,48.019801980198
"E00004266",50.4347826086956,12.1794871794872,5.28301886792453,39.8550724637681
"E00004268",45.7680250783699,16.1971830985916,7.56972111553785,39.84375
"E00004269",54.5454545454545,14.0495867768595,4.18848167539267,43.3497536945813
"E00004270",36.6071428571429,16.9312169312169,4.67032967032967,39.622641509434
"E00004271",42.0731707317073,11.9718309859155,8.42490842490843,59.4306049822064
"E00004272",65.9340659340659,8.84955752212389,2.26244343891403,63.2911392405063
"E00004273",63.7362637362637,11.9496855345912,2.64026402640264,66.1585365853659
"E00004274",61.8556701030928,8.46153846153846,6.27615062761506,60.4
"E00004275",57.286432160804,10.5769230769231,2.90697674418605,57.3033707865169
"E00004276",48.5401459854015,14.7540983606557,8.37209302325581,47.008547008547
"E00004277",58.6872586872587,13.3333333333333,1.4218009478673,56.0538116591928
"E00004278",49.5412844036697,12.7450980392157,2.73224043715847,63.4408602150538
"E00004279",41.7241379310345,14.9253731343284,3.50877192982456,41.9087136929461
"E00004280",55.4502369668246,6.48148148148148,1.13636363636364,59.4736842105263
"E00004281",61.7529880478088,7.82608695652174,4.76190476190476,64.5454545454545
"E00004282",44.7019867549669,7.38255033557047,5.34979423868313,56.3492063492063
"E00004283",53.1835205992509,3.64963503649635,3.53982300884956,51.5021459227468
"E00004284",47.7732793522267,8.59375,5.26315789473684,48.8479262672811
"E00004285",44.0740740740741,8.33333333333333,6.38297872340426,65.0406504065041
"E00004286",36.3945578231293,12.6582278481013,5.13833992094862,50.7407407407407
"E00004287",31.8681318681319,12.6126126126126,3.28638497652582,67.8571428571429
"E00004288",37.1069182389937,12.0481927710843,5.92592592592593,50.1818181818182
"E00004289",49.1379310344828,4.65116279069767,2.8436018957346,64.9769585253456
"E00004290",32.6797385620915,12.8048780487805,3.77358490566038,50.1831501831502
"E00004291",34.4117647058824,14.4927536231884,8.10810810810811,30.9352517985612
"E00004292",22.289156626506,28.099173553719,12.7962085308057,25
"E00004293",31.8840579710145,15.9663865546218,4.78468899521531,51.1210762331839
"E00004294",40,7.56302521008403,4.89130434782609,61.340206185567
"E00004295",49.8714652956298,5.14285714285714,4.375,59.8853868194842
"E00004296",25.3263707571802,22.5563909774436,7.40740740740741,36.9718309859155
"E00004297",53.6050156739812,5.84415584415584,6.04982206405694,58.3617747440273
"E00004298",56.2700964630225,5.35714285714286,5.1063829787234,58.5657370517928
"E00004299",61.9205298013245,6.66666666666667,0.900900900900901,65.702479338843
"E00004300",47.2527472527472,9.00900900900901,4.01785714285714,43.2900432900433
"E00004301",23.0616302186879,18.2572614107884,3.98126463700234,46.2068965517241
"E00004302",40.2640264026403,7.69230769230769,5.78512396694215,46.6403162055336
"E00004303",60.8695652173913,5.30973451327434,4.11522633744856,69.4117647058823
"E00004304",53.6523929471033,7.30337078651685,4.21686746987952,63.0813953488372
"E00004305",32.3943661971831,6.71641791044776,2.20588235294118,64.7887323943662
"E00004306",47.6190476190476,3.82165605095541,4.04858299595142,65.4545454545455
"E00004307",58.1521739130435,3.33333333333333,2.56410256410256,64.0677966101695
"E00004308",60.7913669064748,9.75609756097561,5.52995391705069,70.4347826086957
"E00004309",52.4475524475524,3.47826086956522,2.65486725663717,70.5627705627706
"E00004310",56.2091503267974,6.25,2.19298245614035,67.4698795180723
"E00004311",53.5460992907801,4.04040404040404,2.51256281407035,67.6056338028169
"E00004312",53.2710280373832,10,3.13725490196078,62.2222222222222
"E00004313",42.6523297491039,6.87022900763359,1.73913043478261,70.4918032786885
"E00004314",41.5094339622642,10.4575163398693,4.85074626865672,55.956678700361
"E00004315",51.3157894736842,1.94805194805195,3.73134328358209,69.6428571428571
"E00004316",42.6229508196721,17.2131147540984,4.86725663716814,55.0660792951542
"E00004317",66.6666666666667,4.96894409937888,1.53374233128834,65.8753709198813
"E00004318",56.3829787234042,7.14285714285714,4.8780487804878,65.748031496063
"E00004319",43.6781609195402,7.69230769230769,2.54237288135593,66.1224489795918
"E00004320",48.134328358209,4.46428571428571,2.94117647058824,70.6422018348624
"E00004321",41.7366946778711,4.3859649122807,2.1505376344086,57.9124579124579
"E00004322",53.0405405405405,0.87719298245614,0.952380952380952,64.8068669527897
"E00004323",43.6548223350254,15.625,2.05607476635514,28.4926470588235
"E00004324",48.8294314381271,7.37704918032787,4.39024390243902,66.6666666666667
"E00004325",46.8085106382979,5.30973451327434,1.81818181818182,61.4130434782609
"E00004326",33.9622641509434,10.2564102564103,2.89017341040462,55.7291666666667
"E00004327",41.5625,5.71428571428571,2.67857142857143,71.5447154471545
"E00004328",43.0769230769231,6.31578947368421,5.94594594594595,60.7142857142857
"E00004329",37.4269005847953,11.2903225806452,3.57142857142857,59.1078066914498
"E00004330",45.2380952380952,4.10958904109589,4.6218487394958,76.6393442622951
"E00004331",36.2989323843416,8.92857142857143,3.73831775700935,66.3755458515284
"E00004332",44.4444444444444,6.89655172413793,0.746268656716418,62.9139072847682
"E00004333",59.919028340081,9.02255639097744,2.41545893719807,72.2727272727273
"E00004334",35.8490566037736,3.77358490566038,2.51572327044025,63.7426900584795
"E00004335",45.4237288135593,4.13793103448276,2.10084033613445,70.5179282868526
"E00004336",33.1412103746398,5.71428571428571,3.03030303030303,70.0996677740864
"E00004337",44.6153846153846,7.01754385964912,5.52763819095477,58.8785046728972
"E00004338",39.4833948339483,5.35714285714286,0.520833333333333,79.4117647058823
"E00004339",31.1965811965812,8.92857142857143,4.73684210526316,61.0837438423645
"E00004340",30.316742081448,12.6315789473684,3.55329949238579,59.6059113300493
"E00004341",43.8297872340426,9.84848484848485,2.53807106598985,70.3883495145631
"E00004342",36.5482233502538,8.51063829787234,1.875,70
"E00004343",41.6289592760181,3.33333333333333,3.86740331491713,68.75
"E00004344",22.8915662650602,7.6271186440678,4.90196078431373,68.3035714285714
"E00004345",48.5436893203884,1.65289256198347,0.909090909090909,55.1020408163265
"E00004346",58.1939799331104,2.12765957446809,1.11111111111111,37.037037037037
"E00004347",48.582995951417,6.18556701030928,2.1978021978022,58.8541666666667
"E00004348",39.0681003584229,6.10687022900763,4.24528301886792,60.5381165919283
"E00004349",54.0697674418605,3.41880341880342,2.92887029288703,67.9841897233202
"E00004350",49.6268656716418,2.4,2.74725274725275,64.9769585253456
"E00004351",55.7823129251701,1.52671755725191,2.26244343891403,59.3625498007968
"E00004352",51.4851485148515,0.847457627118644,1.40845070422535,72.7272727272727
"E00004353",48.605577689243,0.72992700729927,1.12994350282486,53.6363636363636
"E00004354",44.4,2.77777777777778,1.55440414507772,61.1872146118721
"E00004355",57.088122605364,5.73770491803279,1.57894736842105,55.2036199095023
"E00004356",49.5238095238095,3.30578512396694,1.79372197309417,71.244635193133
"E00004357",44.2857142857143,7.6271186440678,1.32743362831858,71.25
"E00004358",42.6470588235294,8.7719298245614,3.01507537688442,48.8888888888889
"E00004359",50.6369426751592,2.47933884297521,3.25581395348837,67.6348547717842
"E00004360",38.9090909090909,5.08474576271187,2.89855072463768,68.3035714285714
"E00004361",59.349593495935,5.05050505050505,3.11526479750779,46.242774566474
"E00004362",44.9404761904762,17.3228346456693,7.43801652892562,27.0588235294118
"E00004363",41.1057692307692,20.9150326797386,7.92079207920792,21.183800623053
"E00004364",48.5454545454545,18.6666666666667,6.98254364089776,32.4444444444444
"E00004365",51.792828685259,4.31654676258993,3.2258064516129,72.3214285714286
"E00004366",43.0604982206406,13.3333333333333,8.33333333333333,24.6808510638298
"E00004367",36.5994236311239,18.2432432432432,4.64135021097046,35.632183908046
"E00004368",45.0276243093923,8.57142857142857,2.85714285714286,71.9063545150502
"E00004369",56.9288389513109,11.3821138211382,4.76190476190476,26.9767441860465
"E00004370",56.7901234567901,11.1111111111111,8.09248554913295,23.4146341463415
"E00004371",42.7312775330396,26.2135922330097,8.58895705521472,19.7674418604651
"E00004372",46.5573770491803,11.0091743119266,4.48430493273543,40.4347826086956
"E00004373",40.4761904761905,19.1780821917808,6.88259109311741,23.5955056179775
"E00004374",44.5414847161572,24.7422680412371,6.70731707317073,28.2352941176471
"E00004375",52.9644268774704,7.56302521008403,0.518134715025907,69.3396226415094
"E00004376",51.3715710723192,9.65909090909091,4.98442367601246,37.5375375375375
"E00004377",31.0810810810811,22.1052631578947,10.6918238993711,18.0722891566265
"E00004378",55.3398058252427,6.56934306569343,5.98290598290598,55.5102040816327
"E00004379",62.9213483146067,3.7037037037037,2.92682926829268,65.8119658119658
"E00004380",36.5994236311239,15.1315789473684,7.17131474103586,29.3478260869565
"E00004381",57.3426573426573,7.69230769230769,1.71673819742489,60.5932203389831
"E00004382",69.0721649484536,4.31654676258993,4.05405405405405,67.381974248927
"E00004383",63.1067961165049,4.85436893203883,4.09356725146199,64.4808743169399
"E00004384",63.1818181818182,12.8712871287129,4.24242424242424,57.9234972677596
"E00004385",57.5221238938053,8.79120879120879,4.84848484848485,66.8571428571429
"E00004386",62.7906976744186,8.91089108910891,2.11640211640212,65.1741293532338
"E00004387",54.679802955665,7.86516853932584,4.32098765432099,67.2316384180791
"E00004388",53.6170212765957,4.04040404040404,1.68539325842697,72.9166666666667
"E00004389",65.4545454545455,7.40740740740741,1.84331797235023,75.7847533632287
"E00004390",54.1818181818182,6.19469026548673,3.7037037037037,58.4415584415584
"E00004391",57.0967741935484,3.90625,5.19480519480519,69.9588477366255
"E00004392",69.4560669456067,8.42105263157895,3.35195530726257,59.7989949748744
"E00004393",44.6428571428571,17.6991150442478,9.80392156862745,42.7906976744186
"E00004394",46.7336683417085,11.7021276595745,5.22875816993464,47.7707006369427
"E00004395",53.1365313653137,12.781954887218,2.72727272727273,61.5384615384615
"E00004396",40.8602150537634,16.030534351145,9.72222222222222,34.3612334801762
"E00004397",36.5771812080537,21.6981132075472,8.69565217391304,27.6595744680851
"E00004398",53.8793103448276,12.1212121212121,5.35714285714286,43.7158469945355
"E00004399",40.3061224489796,25.9541984732824,8.8,23.1884057971014
"E00004400",46.4705882352941,18.8888888888889,9.52380952380952,28.2685512367491
"E00004401",66.4359861591695,3.90625,3.94088669950739,73.8197424892704
"E00004402",59.3625498007968,4.7244094488189,4.78723404255319,76.8518518518518
"E00004403",68.0851063829787,0,1.3953488372093,50.8264462809917
"E00004404",58.6466165413534,1.72413793103448,1.64835164835165,70.6161137440758
"E00004405",64.4736842105263,2.34375,1.85185185185185,66.2337662337662
"E00004406",60.0840336134454,4.27350427350427,0,71.5686274509804
"E00004407",62.4633431085044,0.847457627118644,2.54237288135593,55.5555555555556
"E00004408",63.7065637065637,0.943396226415094,2.17391304347826,67.9802955665025
"E00004409",49.6,7.40740740740741,5.0761421319797,51.8867924528302
"E00004410",60,5.83333333333333,3.26086956521739,63.0541871921182
"E00004411",56.7460317460317,8.7719298245614,4,76.7772511848341
"E00004412",63.6704119850187,2.34375,2.41545893719807,74.8898678414097
"E00004413",50.6172839506173,2.97029702970297,2.36686390532544,69.1860465116279
"E00004414",55.2816901408451,7.31707317073171,1.35135135135135,68.2403433476395
"E00004415",52.1452145214521,4.31654676258993,1.79372197309417,73.0290456431535
"E00004416",70.5426356589147,5.26315789473684,1.12994350282486,73.0769230769231
"E00004417",58.6572438162544,3.2,0.465116279069767,71.1206896551724
"E00004418",60.3846153846154,6.14035087719298,3.43137254901961,72.7272727272727
"E00004419",38.1147540983607,4.76190476190476,0.952380952380952,63.5514018691589
"E00004420",69.1729323308271,6.25,2.59067357512953,76.6355140186916
"E00004421",47.986577181208,0.813008130081301,4.48430493273543,70.5128205128205
"E00004422",59.5628415300546,2.17391304347826,0.699300699300699,66.0377358490566
"E00004423",56.3265306122449,1.63934426229508,4.89130434782609,69.8019801980198
"E00004424",54.3859649122807,5.12820512820513,2.11640211640212,69.4581280788177
"E00004425",54.5454545454545,5.71428571428571,3.40909090909091,75.5244755244755
"E00004426",50.5016722408027,5.59440559440559,3.00429184549356,70.1195219123506
"E00004427",66.5540540540541,0,1.59574468085106,72.8506787330317
"E00004428",46.8181818181818,6.10687022900763,2.58064516129032,75.531914893617
"E00004429",50.197628458498,6.2992125984252,3.3175355450237,70.4545454545455
"E00004430",60.5882352941176,7.2,1.12359550561798,37.037037037037
"E00004431",48.6792452830189,1.88679245283019,3.35195530726257,71.2121212121212
"E00004432",53.3088235294118,4.44444444444444,3.72093023255814,73.1601731601732
"E00004433",47.6666666666667,5.03597122302158,1.33928571428571,73.8775510204082
"E00004435",52.2088353413655,15.1260504201681,7.88177339901478,45.9821428571429
"E00004436",52.8528528528528,3.6144578313253,2.71317829457364,68.1506849315068
"E00004437",37.3076923076923,1.72413793103448,3.58974358974359,70.0934579439252
"E00004438",34.9344978165939,3.38983050847458,2.60416666666667,67.3170731707317
"E00004439",51.4285714285714,0.884955752212389,1.78571428571429,80.1020408163265
"E00004440",58.0392156862745,2.67857142857143,1.66666666666667,73.134328358209
"E00004441",57.7358490566038,6.95652173913043,6.51162790697674,68.4444444444444
"E00004442",36.4372469635627,11.0091743119266,5.68181818181818,29.6482412060301
"E00004444",32.1759259259259,29.375,8.10810810810811,29.2763157894737
"E00004445",57.6271186440678,9.52380952380952,6.5989847715736,47.3429951690821
"E00004446",41.7763157894737,15.2542372881356,7.69230769230769,38.7234042553192
"E00004447",62.2641509433962,2.5974025974026,2.77777777777778,42.8571428571429
"E00004448",47.3053892215569,15.4929577464789,7.84313725490196,36.996336996337
"E00004450",56.9553805774278,10.2857142857143,8.4375,46.0843373493976
"E00004451",39.5437262357414,16.9491525423729,5.60747663551402,46.0526315789474
"E00004452",48.1012658227848,9.09090909090909,3.6144578313253,52.2900763358779
"E00004453",50.3667481662592,13.8888888888889,6.57439446366782,28.5266457680251
"E00004454",36.9978858350951,22.2222222222222,8.18181818181818,29.6829971181556
"E00004455",31.9088319088319,29.2682926829268,5.77777777777778,30.3418803418803
"E00004456",41.304347826087,16.9354838709677,5.55555555555556,23.3480176211454
"E00004457",54.4715447154472,4.27350427350427,3.51758793969849,70.6730769230769
"E00004458",53.6363636363636,13.1868131868132,2.89855072463768,45.3521126760563
"E00004459",45.4838709677419,24.025974025974,6.82926829268293,27.7533039647577
"E00004460",41.3636363636364,19,6.42857142857143,29.746835443038
"E00004461",31.701030927835,31.2977099236641,10.1123595505618,27.5
"E00004462",70.8860759493671,5.26315789473684,5.75916230366492,60.1990049751244
"E00004463",25,25.8992805755396,8.93617021276596,18.6234817813765
"E00004464",56.3636363636364,8.98876404494382,1.96078431372549,16.3636363636364
"E00004465",53.6193029490617,17.4698795180723,4.39189189189189,38.8535031847134
"E00004466",51.8181818181818,9.09090909090909,1.55440414507772,73.5849056603774
"E00004467",55.921052631579,15.7894736842105,5.95744680851064,28.4584980237154
"E00004468",30.2325581395349,22.3776223776224,6.158357771261,23.6111111111111
"E00004469",66.793893129771,5.73770491803279,2.89855072463768,70.7423580786026
"E00004470",45.8966565349544,14.2857142857143,6.81818181818182,45.6521739130435
"E00004471",60.091743119266,5.98290598290598,2.64550264550265,77.7227722772277
"E00004472",37.6404494382022,14.1025641025641,4.09556313993174,40.9090909090909
"E00004473",55.8333333333333,8.06451612903226,4.51977401129944,66.6666666666667
"E00004474",58.0110497237569,11.9718309859155,4.68227424749164,58.6750788643533
"E00004475",46.0481099656357,15.4471544715447,6.19047619047619,30.9417040358744
"E00004476",33.8068181818182,20.8955223880597,10.2678571428571,19.3548387096774
"E00004477",52.0134228187919,13.4969325153374,3.23886639676113,63.6363636363636
"E00004478",46.8036529680365,9.54545454545455,6.11702127659574,55.46875
"E00004479",41.4965986394558,16.3120567375887,3.86266094420601,54.7619047619048
"E00004480",59.6707818930041,5.17241379310345,6.53266331658291,53.9823008849557
"E00004481",45.3674121405751,14.2857142857143,6.69642857142857,33.0578512396694
"E00004482",74.7440273037543,2.47933884297521,2.12765957446809,66.260162601626
"E00004483",69.3661971830986,7.01754385964912,2.63157894736842,72.5409836065574
"E00004484",65.8862876254181,6.25,3.93013100436681,64.5569620253165
"E00004485",55.4744525547445,7.31707317073171,3.77358490566038,50.4424778761062
"E00004486",62.6811594202899,8.62068965517241,5.04587155963303,60.1694915254237
"E00004487",65.2582159624413,9.82142857142857,5.17241379310345,57.6923076923077
"E00004488",57.345971563981,9.75609756097561,6.01503759398496,20.9459459459459
"E00004489",58.8028169014084,9.16666666666667,5.16431924882629,55.0218340611354
"E00004490",44.1295546558704,15.9574468085106,9.18367346938776,40.9756097560976
"E00004491",59.468438538206,10.738255033557,6.81818181818182,32.2709163346614
"E00004492",69.5384615384615,1.5625,1.21951219512195,63.7065637065637
"E00004493",45.4148471615721,11.0169491525424,7.45341614906832,53.1791907514451
"E00004494",69.4656488549618,2.74725274725275,0.980392156862745,70
"E00004495",72.265625,3.96825396825397,2.08333333333333,65.1982378854625
"E00004496",65.597667638484,4.63576158940397,1.91570881226054,59.7269624573379
"E00004497",52.3076923076923,19.6581196581197,10.9375,33.9901477832512
"E00004498",47.5903614457831,17.9310344827586,8.08510638297872,40.7258064516129
"E00004499",69.4656488549618,4.44444444444444,1.77935943060498,66.5551839464883
"E00004500",60.9467455621302,11.4503816793893,4.69798657718121,64.375
"E00004501",68.9655172413793,3.94736842105263,4.25531914893617,61.1650485436893
"E00004502",50.3937007874016,20.8333333333333,7.48663101604278,35.4066985645933
"E00004503",61.244019138756,4.54545454545455,6.9620253164557,45.8100558659218
"E00004504",60.7954545454545,2.56410256410256,1.12781954887218,66.4406779661017
"E00004505",49.1408934707904,6.45161290322581,5.63380281690141,41.4847161572052
"E00004506",53.1468531468531,8.27067669172932,6.66666666666667,41.9491525423729
"E00004507",56.7567567567568,3.84615384615385,1.73410404624277,66.8367346938776
"E00004508",69.8630136986301,4,3.00429184549356,57.6923076923077
"E00004509",60.0609756097561,8.19672131147541,3.79746835443038,51.7110266159696
"E00004510",58.7458745874587,3.90625,6.66666666666667,65.6370656370656
"E00004511",66.3716814159292,5.55555555555556,2.88808664259928,66.8941979522184
"E00004512",59.8513011152416,10.8333333333333,3.96039603960396,52.914798206278
"E00004513",73.2600732600733,3.92156862745098,2.51256281407035,71.2962962962963
"E00004514",69.3661971830986,5.17241379310345,2.22222222222222,67.3728813559322
"E00004515",56.7567567567568,7.43801652892562,2.41545893719807,59.9118942731277
"E00004516",73.9495798319328,5.26315789473684,3.3457249070632,68.8963210702341
"E00004517",58.5820895522388,10.0917431192661,5.14018691588785,39.3805309734513
"E00004518",56.2753036437247,9.48275862068965,8.47457627118644,39.7959183673469
"E00004519",68.2481751824817,8.03571428571429,3.78378378378378,69.0476190476191
"E00004520",23.1660231660232,11.4285714285714,8.91089108910891,37.4384236453202
"E00004521",54.0540540540541,3.1496062992126,2.20264317180617,67.2131147540984
"E00004522",44.1624365482233,8.54700854700855,2.11640211640212,56.4766839378238
"E00004523",32.6642335766423,16.3934426229508,2.1551724137931,42.6751592356688
"E00004524",61.0354223433242,5.55555555555556,3.3434650455927,68.8760806916427
"E00004525",40.9448818897638,16.8067226890756,5.99078341013825,42.4107142857143
"E00004526",31.7032040472175,9.6,2.98507462686567,23.1040564373898
"E00004527",48.2905982905983,12.7450980392157,7.51173708920188,35.8078602620087
"E00004528",43.1192660550459,15.8823529411765,4.92957746478873,53.5836177474403
"E00004529",39.8210290827741,11.5942028985507,1.50375939849624,50.3722084367246
"E00004530",37.117903930131,11.3475177304965,7.17703349282297,50.9259259259259
"E00004531",41.6382252559727,16.8067226890756,5.67685589519651,44.4444444444444
"E00004532",54.320987654321,7.14285714285714,1.74825174825175,67.6975945017182
"E00004534",34.3220338983051,18.4210526315789,9.25925925925926,26.5895953757225
"E00004535",44.390243902439,9.67741935483871,1.08695652173913,61.4583333333333
"E00004536",45.4935622317597,11.5942028985507,2.24215246636771,74.3478260869565
"E00004537",52.7272727272727,10.5882352941176,5.34351145038168,53.1468531468531
"E00004538",45.0777202072539,15.5339805825243,7.33333333333333,31.7073170731707
"E00004539",43.609022556391,10.126582278481,5.26315789473684,43.6974789915966
"E00004540",35.8904109589041,15.3846153846154,9.48616600790514,31.6498316498317
"E00004541",32.4200913242009,8.84955752212389,11.4457831325301,37.6470588235294
"E00004542",41.6666666666667,17.4157303370787,4.37956204379562,42.1926910299003
"E00004543",61.6822429906542,8.73015873015873,1.02040816326531,63.5
"E00004544",28.6713286713287,24.4897959183673,4.8780487804878,26.7857142857143
"E00004545",32.8159645232816,17.0854271356784,6.11620795107034,30.2052785923754
"E00004546",54.9107142857143,9.09090909090909,4.57142857142857,43.8095238095238
"E00004547",27.0935960591133,11.5853658536585,3.51906158357771,45.0704225352113
"E00004548",58.6538461538462,7.2463768115942,4.18848167539267,59.5
"E00004549",28.4722222222222,25.8064516129032,8.33333333333333,26.8181818181818
"E00004550",30.5912596401028,21.9178082191781,7.94701986754967,40.1253918495298
"E00004551",41.588785046729,7.69230769230769,2.38095238095238,68.3246073298429
"E00004552",36.5930599369085,17.4603174603175,6.35593220338983,32.3886639676113
"E00004553",32.890365448505,16.8141592920354,8.73362445414847,37.8151260504202
"E00004554",38.1773399014778,11.5207373271889,2.11640211640212,55.9895833333333
"E00004555",32.1100917431193,21.259842519685,9.82142857142857,31.1475409836066
"E00004556",28.2392026578073,20.2797202797203,7.35930735930736,42.9718875502008
"E00004557",43.5028248587571,19.0082644628099,11.6788321167883,35.0649350649351
"E00004558",38.9891696750903,6.33802816901408,3.3195020746888,51.5625
"E00004559",29.4234592445328,15.6862745098039,4.22535211267606,54.875283446712
"E00004560",55.5066079295154,14.8760330578512,3.88888888888889,37.5
"E00004561",37.3134328358209,17.96875,4.18410041841004,37.0517928286853
"E00004562",46.6911764705882,14.6341463414634,4.44444444444444,52.1186440677966
"E00004563",51.8134715025907,16.9230769230769,4.15800415800416,36.105476673428
"E00004564",49.8316498316498,11.864406779661,4.65116279069767,58.4269662921348
"E00004565",36.5695792880259,13.7931034482759,6.12244897959184,27.9166666666667
"E00004566",65.1408450704225,10.7142857142857,2.30414746543779,44.206008583691
"E00004567",35.8441558441558,17.96875,5.3639846743295,25.2747252747253
"E00004568",48.4679665738162,14.0127388535032,4.63576158940397,49.3670886075949
"E00004569",61.5384615384615,6.83229813664596,3.84615384615385,52.5
"E00004570",62.9746835443038,10.6870229007634,2.51046025104602,65.1515151515152
"E00004571",60.0600600600601,9.27152317880795,4.1958041958042,62.2895622895623
"E00004572",45.0261780104712,13.75,2.86624203821656,60.5504587155963
"E00004573",49.8507462686567,8.05369127516778,4.41176470588235,48.0836236933798
"E00004574",58.0645161290323,13.2867132867133,2.92207792207792,59.8130841121495
"E00004575",62.280701754386,8.69565217391304,1.98675496688742,67.4267100977199
"E00004576",48.0225988700565,20,5.64516129032258,45.4887218045113
"E00004577",62.874251497006,10.4838709677419,3.53982300884956,42.3487544483986
"E00004578",47.7031802120141,9.74025974025974,3.58565737051793,58.498023715415
"E00004579",64.4268774703557,12.3809523809524,3.60824742268041,60.8910891089109
"E00004580",55.4817275747508,10.5960264900662,3.98406374501992,60.6177606177606
"E00004581",59.7457627118644,9.9009900990099,4.61538461538462,63.6363636363636
"E00004582",65.5913978494624,5.51181102362205,4.16666666666667,56.5022421524664
"E00004583",55.7640750670241,9.85915492957746,2.02020202020202,50.3205128205128
"E00004584",50.6811989100817,12.8654970760234,5.35117056856187,56.0126582278481
"E00004585",60.3846153846154,11.9402985074627,3.24074074074074,59.4594594594595
"E00004586",53.0364372469636,7.75862068965517,4.71698113207547,64.7321428571429
"E00004587",57.9545454545455,13.2231404958678,5.58139534883721,52.4663677130045
"E00004588",61.8012422360248,9.09090909090909,2.4822695035461,66.3194444444444
"E00004589",67.5090252707581,4.8,6.33484162895928,59.1111111111111
"E00004590",60,9.09090909090909,5.08474576271187,68.1318681318681
"E00004591",46.1832061068702,11.6071428571429,5.18134715025907,49.2462311557789
"E00004592",51.7766497461929,8.08080808080808,6.50887573964497,61.271676300578
"E00004593",42.2857142857143,12.6637554585153,4.47427293064877,59.2920353982301
"E00004594",51.7647058823529,20.1612903225806,4.22535211267606,56.8807339449541
"E00004595",63.8095238095238,7.69230769230769,2.8169014084507,44.9814126394052
"E00004596",65.0442477876106,6.48148148148148,4.89130434782609,68.2291666666667
"E00004597",40.1709401709402,21.9626168224299,1.1214953271028,80.110497237569
"E00004598",51.6528925619835,10.377358490566,4.5,57.4162679425837
"E00004599",62.0578778135048,9.3167701863354,3.86100386100386,69.8181818181818
"E00004600",35.6521739130435,23.3870967741935,9.36170212765957,28.7449392712551
"E00004601",42.9065743944637,14.5299145299145,7.38916256157635,38.3177570093458
"E00004602",63.4920634920635,3.47826086956522,1.4218009478673,70.6422018348624
"E00004603",29.8882681564246,14.5038167938931,8.56031128404669,30.7692307692308
"E00004604",36.6412213740458,13.2352941176471,6.86274509803922,32.7354260089686
"E00004605",35.4838709677419,23.0088495575221,7.21153846153846,32.3008849557522
"E00004606",41.4893617021277,10.6508875739645,6.36042402826855,46.5116279069767
"E00004607",32.9787234042553,9.09090909090909,7.35294117647059,22.5433526011561
"E00004608",33.7175792507205,21.0526315789474,7.69230769230769,32.5581395348837
"E00004609",28.2178217821782,9.95475113122172,9.18032786885246,42.6829268292683
"E00004610",29.811320754717,12.1951219512195,4.06091370558376,41.2844036697248
"E00004611",31.7708333333333,7.64331210191083,5.73770491803279,21.3903743315508
"E00004612",22.4080267558528,23.2394366197183,9.6234309623431,37.1541501976285
"E00004613",37.3983739837398,16.8,9.09090909090909,35.6435643564356
"E00004614",29.7912713472486,20.5357142857143,6.9377990430622,40.7925407925408
"E00004615",41.9047619047619,17.6470588235294,5.97826086956522,64.9484536082474
"E00004616",49.0706319702602,6.01503759398496,2.57510729613734,62.2950819672131
"E00004617",37.914691943128,7.89473684210526,2.17391304347826,67.3684210526316
"E00004618",52.6530612244898,10.4,4.09090909090909,57.8947368421053
"E00004619",27.5720164609054,16.260162601626,5.05050505050505,48.8262910798122
"E00004620",41.5686274509804,17.0212765957447,1.8348623853211,47.7678571428571
"E00004621",43.4343434343434,9.02255639097744,5.46218487394958,42.1875
"E00004622",46.1728395061728,8.61244019138756,2.71739130434783,71.3527851458886
"E00004623",36.4179104477612,12.5827814569536,6.85920577617329,51.3888888888889
"E00004624",48.3636363636364,5.83333333333333,2.60869565217391,66.9421487603306
"E00004625",38.1656804733728,17.4418604651163,8.69565217391304,52.3985239852399
"E00004626",26.5822784810127,13.1914893617021,4.01234567901235,41.2790697674419
"E00004627",33.3333333333333,17.3469387755102,7.69230769230769,33.5526315789474
"E00004628",19.1304347826087,30.7692307692308,11.6788321167883,23.8095238095238
"E00004629",43.4977578475336,5.12820512820513,4.97512437810945,63.3333333333333
"E00004630",47.3404255319149,9.61538461538462,0,61.849710982659
"E00004631",52.6315789473684,7.69230769230769,6.5,44.0528634361233
"E00004632",30.8370044052863,26.3157894736842,7.19424460431655,26.6666666666667
"E00004633",29.1666666666667,16.6666666666667,8.8785046728972,22.5806451612903
"E00004634",47.7031802120141,13.1034482758621,5.30612244897959,67.5889328063241
"E00004635",28.4280936454849,22.4,9.35960591133005,27.9620853080569
"E00004636",28.9473684210526,20.353982300885,7.57575757575758,29.3269230769231
"E00004637",27.6150627615063,16.5289256198347,8.64864864864865,25.5102040816327
"E00004638",39.9350649350649,12.0253164556962,4.59770114942529,57.3529411764706
"E00004639",35.1219512195122,21.875,6.5359477124183,41.7721518987342
"E00004640",28.5714285714286,14.3835616438356,5.83333333333333,42.8571428571429
"E00004641",20.0549450549451,22.4,8.19672131147541,30.3030303030303
"E00004642",28.4883720930233,26.9230769230769,8.5972850678733,20.3389830508475
"E00004643",37.1104815864023,11.8279569892473,4.67625899280576,51.5789473684211
"E00004644",27.10027100271,15.9090909090909,7.14285714285714,27.5092936802974
"E00004645",30.2325581395349,12.6126126126126,3.64963503649635,48.2517482517483
"E00004646",31.3432835820896,25.4545454545455,7.10659898477157,32.6923076923077
"E00004647",32.0754716981132,18.452380952381,9.52380952380952,41.5162454873646
"E00004649",35.2422907488987,9.30232558139535,6.19047619047619,56.4814814814815
"E00004650",33.3333333333333,10.0961538461538,5.77617328519856,54.8042704626335
"E00004651",40.8805031446541,14.1509433962264,0,54.1935483870968
"E00004652",43.4599156118143,12.0300751879699,3.06122448979592,47.1153846153846
"E00004653",41.7218543046358,8.84955752212389,2.87769784172662,65.7534246575342
"E00004654",19.8581560283688,11,2.22222222222222,57.6642335766423
"E00004655",23.7068965517241,20.8,7.05882352941176,67.0520231213873
"E00004656",20.3980099502488,7.72532188841202,4.02476780185759,69.3215339233038
"E00004658",25.1572327044025,21.0526315789474,8.22510822510823,27.8688524590164
"E00004659",25,26.6666666666667,3.58208955223881,35.5029585798817
"E00004660",34.1880341880342,16.40625,8.86075949367089,40
"E00004661",26.865671641791,25.5813953488372,7.00934579439252,29.7777777777778
"E00004662",38.1944444444444,17.3611111111111,5.1063829787234,37.5
"E00004663",14.6814404432133,26.271186440678,7.69230769230769,18.8191881918819
"E00004664",36.5921787709497,19.047619047619,7.11864406779661,47.2131147540984
"E00004665",30,23.9316239316239,8.80829015544041,20.7920792079208
"E00004666",30.2816901408451,16.2921348314607,2.46575342465753,34.2245989304813
"E00004667",43.4782608695652,8.73015873015873,2.01005025125628,66.1835748792271
"E00004668",43.859649122807,14.2857142857143,8.3969465648855,31.4685314685315
"E00004669",22.8668941979522,21.9047619047619,6.57276995305164,21.304347826087
"E00004670",24.7011952191235,17.4311926605505,6.21761658031088,28.2178217821782
"E00004671",29.7872340425532,18.2352941176471,7.10227272727273,32.7777777777778
"E00004672",43.4977578475336,10.8333333333333,2.8169014084507,57.3394495412844
"E00004673",27.3049645390071,23.015873015873,6.04651162790698,28.695652173913
"E00004674",31.6666666666667,22.5490196078431,8.55614973262032,27.9187817258883
"E00004675",37.5,21.9047619047619,7.10059171597633,28.7234042553192
"E00004676",42.8128231644261,9.32203389830508,0.317460317460317,22.3149113660063
"E00004677",24,18.75,8.33333333333333,36.4312267657993
"E00004678",31.7365269461078,18.8976377952756,6.2992125984252,33.8181818181818
"E00004679",50.5555555555556,17.6470588235294,4.9645390070922,30.6748466257669
"E00004680",33.0798479087452,7.93650793650794,2.91666666666667,67.0634920634921
"E00004681",42.6621160409556,17.2932330827068,0.826446280991736,65.625
"E00004682",23.030303030303,26.5625,6.95652173913043,21.6
"E00004683",26.5895953757225,16.1764705882353,15.0793650793651,23.1884057971014
"E00004684",45,13.6363636363636,6.30252100840336,30.5555555555556
"E00004685",27.1028037383178,21.3114754098361,6.30252100840336,25
"E00004686",30.6451612903226,20.3252032520325,8.11965811965812,36.5461847389558
"E00004687",52.2448979591837,6.89655172413793,3.2967032967033,59.2592592592593
"E00004688",28.7104622871046,26.4367816091954,6.07142857142857,28.7925696594427
"E00004689",35.2941176470588,19.8275862068966,4.3859649122807,23.4126984126984
"E00004690",43.2314410480349,11.9266055045872,4.25531914893617,37.0731707317073
"E00004691",46.652719665272,9.27152317880795,3.52941176470588,11.6438356164384
"E00004692",28.2407407407407,31.9148936170213,3.61111111111111,17.379679144385
"E00004693",31.3019390581717,25.3623188405797,6.02006688963211,34.5276872964169
"E00004694",26.3157894736842,12.037037037037,4.4,45.3125
"E00004695",21.3507625272331,17.3184357541899,3.2069970845481,41.8079096045198
"E00004696",27.8735632183908,29.3650793650794,6.2992125984252,22.6765799256506
"E00004697",30.8474576271186,20.7407407407407,2.41935483870968,38.4615384615385
"E00004699",31.6770186335404,18.8405797101449,7.56302521008403,23.134328358209
"E00004700",32.1428571428571,17.1171171171171,7.47663551401869,18.8284518828452
"E00004701",25.4901960784314,7.48299319727891,3.44827586206897,40.1673640167364
"E00004702",38.8679245283019,20,6.5989847715736,28.7735849056604
"E00004703",55.0335570469799,10.4895104895105,2.5974025974026,47.1264367816092
"E00004704",33.6898395721925,18.5185185185185,4.3859649122807,45.2991452991453
"E00004705",50.4273504273504,9.93788819875776,2.08333333333333,65.1465798045603
"E00004706",35.9154929577465,18.6868686868687,6.18279569892473,49.2146596858639
"E00004707",33.1868131868132,16.6666666666667,5.28735632183908,54.2141230068337
"E00004708",44.5,8.47457627118644,5.68181818181818,56.989247311828
"E00004709",43.0412371134021,17.7631578947368,5.14469453376206,52.1604938271605
"E00004710",45.9807073954984,13.7404580152672,4.70588235294118,43.8661710037175
"E00004711",58.3892617449664,10.5633802816901,3.33333333333333,52.2448979591837
"E00004712",49.3827160493827,1.91082802547771,0.403225806451613,53.0685920577617
"E00004713",70.7317073170732,9.67741935483871,5.04201680672269,24.4755244755245
"E00004714",55.3191489361702,5.67375886524823,2.11864406779661,59.5238095238095
"E00004715",40.5144694533762,12.4137931034483,6.85483870967742,37.1747211895911
"E00004716",25.7861635220126,23.6220472440945,7.83410138248848,28.3842794759825
"E00004717",48.0874316939891,15.2777777777778,3.90625,34.7517730496454
"E00004718",18.0379746835443,26.0504201680672,8.64197530864197,22.8
"E00004719",37.8250591016548,21.2290502793296,4.76190476190476,24.4648318042813
"E00004720",49.5689655172414,12.7118644067797,7.47126436781609,33.1578947368421
"E00004721",26.6272189349112,27.0676691729323,7.22433460076046,21.5827338129496
"E00004722",21.7687074829932,23.3644859813084,6.40394088669951,16.5137614678899
"E00004723",27.2727272727273,14.9122807017544,3.09278350515464,29.4392523364486
"E00004724",23.4567901234568,23.8095238095238,6.45161290322581,33.3333333333333
"E00004725",22.5806451612903,30.1587301587302,10.5882352941176,13.5231316725979
"E00004726",51.7094017094017,12.8205128205128,4.02298850574713,27.0935960591133
"E00004727",21.4285714285714,21.6,3.76569037656904,34.6613545816733
"E00004728",22.9129662522202,24.1206030150754,8.88324873096447,22.4938875305623
"E00004729",33.203125,22.7722772277228,6.4327485380117,17.9347826086957
"E00004730",43.75,11.6883116883117,8.18181818181818,14.7286821705426
"E00004731",36.2229102167183,12.6582278481013,5.20446096654275,46.1818181818182
"E00004732",21.3429256594724,25,6.18556701030928,20.9677419354839
"E00004733",44.3089430894309,14.5038167938931,3.41463414634146,53.1400966183575
"E00004734",20.9912536443149,23.8532110091743,6.04838709677419,16.3498098859316
"E00004735",36.4963503649635,12.5,10.8910891089109,17.8403755868545
"E00004736",45.9143968871595,18.4615384615385,8.11965811965812,44.8559670781893
"E00004738",52.1072796934866,5.30973451327434,2.7906976744186,60.8888888888889
"E00004739",45.985401459854,9.9236641221374,4.31034482758621,59.4936708860759
"E00004740",27.4509803921569,30.3030303030303,6.94444444444444,24.2009132420091
"E00004741",44.4444444444444,18.9393939393939,7.40740740740741,34.8659003831418
"E00004742",43.1372549019608,18.9189189189189,6.55737704918033,40.8
"E00004743",47.7272727272727,19.8529411764706,2.64900662251656,25.6637168141593
"E00004744",35.6495468277946,13.4920634920635,6.98529411764706,20.4861111111111
"E00004745",44.4055944055944,19.6850393700787,2.4390243902439,18.75
"E00004746",41.7197452229299,21.0526315789474,8.69565217391304,27.6
"E00004747",33.030303030303,14.3939393939394,7.17131474103586,29.8507462686567
"E00004748",32.8488372093023,13.9072847682119,4.92424242424242,27.9569892473118
"E00004749",23.2954545454545,26.9662921348315,6.426735218509,19.9040767386091
"E00004750",31.9910514541387,15.9722222222222,2.33160621761658,38.8324873096447
"E00004751",42.9166666666667,6.80272108843537,4.3010752688172,30.2325581395349
"E00004752",51.6616314199396,14.1732283464567,6.12244897959184,34.2412451361868
"E00004753",46.1038961038961,19.2,3.2520325203252,26.4591439688716
"E00004754",27.4834437086093,19.4029850746269,4.38247011952191,33.969465648855
"E00004755",35,28.8288288288288,9.09090909090909,21.9047619047619
"E00004756",40.9266409266409,25.8928571428571,7.4468085106383,25.2475247524752
"E00004757",25.748502994012,19.8275862068966,6.46766169154229,17.3333333333333
"E00004758",28.448275862069,35,8,16.2337662337662
"E00004759",31.7596566523605,19.2307692307692,5.29411764705882,25.5434782608696
"E00004760",49.2307692307692,24.0384615384615,6.76691729323308,12.8378378378378
"E00004761",31.5642458100559,30.1470588235294,8.48214285714286,20
"E00004762",31.1239193083574,15.7894736842105,2.18978102189781,24.5791245791246
"E00004763",26.9058295964126,24.5454545454545,2.28571428571429,33.1521739130435
"E00004764",41.6666666666667,11.8279569892473,5.85106382978723,26.8292682926829
"E00004765",24.7933884297521,29.4117647058824,4.97237569060773,25.9459459459459
"E00004766",51.7094017094017,9.09090909090909,1.49253731343284,71.9626168224299
"E00004767",46.2837837837838,5.63380281690141,1.25,71.8253968253968
"E00004768",47.7272727272727,3.03030303030303,1.06951871657754,74.7368421052632
"E00004769",45.4545454545455,7.28476821192053,1.29310344827586,70.5394190871369
"E00004770",58.8235294117647,0,0,63.8418079096045
"E00004771",46.7741935483871,0.854700854700855,1.82648401826484,50.4065040650407
"E00004772",57.8754578754579,4.83870967741935,1.4218009478673,71.7391304347826
"E00004773",54.5816733067729,2.25563909774436,1.01522842639594,63.4703196347032
"E00004774",36.8932038834951,4.62962962962963,2.38095238095238,68.6813186813187
"E00004775",45.6928838951311,3.53982300884956,0.956937799043062,70.7762557077626
"E00004776",40.6451612903226,8.69565217391304,3.44827586206897,63.0597014925373
"E00004777",29.5681063122924,24.3478260869565,8.65384615384615,34.5454545454545
"E00004778",38.9763779527559,2.85714285714286,1.80722891566265,50.9009009009009
"E00004779",23.4113712374582,3.52112676056338,2.46305418719212,57.3221757322176
"E00004780",15.5797101449275,5.64516129032258,2.87081339712919,51.528384279476
"E00004781",30.3030303030303,17.1641791044776,5.85585585585586,48.605577689243
"E00004782",39.5256916996047,0,1.29032258064516,49.5
"E00004783",42.1221864951768,9.67741935483871,5.52995391705069,47.9166666666667
"E00004784",38.2575757575758,4.95867768595041,2.13903743315508,46.7289719626168
"E00004785",44.0972222222222,14.6341463414634,6.76328502415459,35.9649122807018
"E00004786",37.6288659793814,8.41121495327103,2.5,57.2972972972973
"E00004787",42.3487544483986,7.58620689655172,5.06329113924051,61.2903225806452
"E00004788",34.9397590361446,7.2,4.47761194029851,72.3004694835681
"E00004789",18.8034188034188,39.0804597701149,11.4864864864865,41.2162162162162
"E00004790",50.2040816326531,6.92307692307692,2.85714285714286,69.5852534562212
"E00004791",55.8823529411765,10.377358490566,4.16666666666667,54.4117647058823
"E00004792",43.8202247191011,5.12820512820513,4.22535211267606,66.8161434977578
"E00004793",50,2.47933884297521,0.584795321637427,79.7979797979798
"E00004794",34.3570057581574,11.1111111111111,5.91549295774648,47.4358974358974
"E00004795",47.0119521912351,5.94059405940594,3.5,65.8653846153846
"E00004796",41.06463878327,6.06060606060606,4.84581497797357,69.327731092437
"E00004797",28.5714285714286,23.7762237762238,5.73770491803279,35.7414448669202
"E00004798",43.801652892562,3.6036036036036,4.25531914893617,74
"E00004799",42.8104575163399,11.2676056338028,4.36507936507936,73.4615384615385
"E00004801",40.2097902097902,4.51127819548872,5.57768924302789,70.9803921568627
"E00004802",42.7947598253275,7.40740740740741,2.17391304347826,72.1649484536082
"E00004803",50.9803921568627,10.9756097560976,3.125,61.1510791366906
"E00004804",41.0958904109589,8.84955752212389,2.06185567010309,80.4020100502513
"E00004805",30.5309734513274,31.25,9.93788819875776,30.2325581395349
"E00004806",46.875,6.45161290322581,1.40845070422535,78.6363636363636
"E00004807",36.9918699186992,11.9266055045872,2.25988700564972,52.8205128205128
"E00004808",16.9565217391304,10.752688172043,3.38164251207729,65.7657657657658
"E00004809",37.9446640316205,4.27350427350427,3.15789473684211,60
"E00004810",48.135593220339,5.55555555555556,3.41880341880342,77.8656126482213
"E00004811",48.1481481481481,4.0983606557377,2.18340611353712,75.9493670886076
"E00004812",40.5027932960894,12.5,4.37956204379562,48.780487804878
"E00004813",50.5347593582888,3.44827586206897,1.39372822299652,75.0809061488673
"E00004814",62.6794258373206,4.03225806451613,1.60427807486631,79.4871794871795
"E00004815",31.4453125,10.3305785123967,3.90804597701149,54.4018058690745
"E00004816",47.7551020408163,6.87022900763359,2.77777777777778,64.2533936651584
"E00004817",58.5271317829457,7.14285714285714,2.05128205128205,65.8536585365854
"E00004818",50.990099009901,5.79710144927536,3.04568527918782,64.8241206030151
"E00004819",56.7164179104478,7.2463768115942,4.9618320610687,65.5797101449275
"E00004820",40.7534246575342,2.94117647058824,2.35294117647059,62.2568093385214
"E00004821",49.738219895288,9.1743119266055,3.01204819277108,69.3181818181818
"E00004822",57.7142857142857,10,4.16666666666667,62.5
"E00004823",33.5917312661499,15,3.9568345323741,41.8300653594771
"E00004824",46.7889908256881,6.92307692307692,3.88349514563107,62.5592417061611
"E00004825",56.7164179104478,3.63636363636364,3.82513661202186,76.6304347826087
"E00004826",55.3191489361702,8,0.91324200913242,74.7747747747748
"E00004827",29.6511627906977,16.0714285714286,6.88405797101449,49.1166077738516
"E00004828",42.1245421245421,13.5338345864662,4.78260869565217,40.495867768595
"E00004829",44.5378151260504,6.42201834862385,2.39234449760766,66.9767441860465
"E00004830",32.8947368421053,7.9136690647482,5.72519083969466,57.8358208955224
"E00004831",21.9607843137255,22.2222222222222,14.7540983606557,32.0855614973262
"E00004832",36.5497076023392,14.2857142857143,7.89473684210526,49.5114006514658
"E00004833",48.9425981873112,12.8205128205128,4.89510489510489,53.7162162162162
"E00004834",37.7828054298643,15.6756756756757,6.60660660660661,48.3240223463687
"E00004835",45.565749235474,12.5748502994012,3.36700336700337,62.9139072847682
"E00004836",40.8955223880597,14.6198830409357,3.72881355932203,42.258064516129
"E00004837",43.75,12.565445026178,6.34441087613293,61.4035087719298
"E00004838",34.8837209302326,15.2671755725191,4.80769230769231,33.0396475770925
"E00004839",34.3108504398827,7.86516853932584,7.53424657534247,48.3333333333333
"E00004840",41.1016949152542,11.965811965812,5.91133004926108,64.4230769230769
"E00004841",44.5652173913043,8.27067669172932,2.77777777777778,43.1718061674009
"E00004842",57.8947368421053,10.3448275862069,5.35714285714286,61.6379310344828
"E00004843",46.6019417475728,3.63636363636364,3.6144578313253,64.4067796610169
"E00004844",43.4782608695652,7.19424460431655,2.16450216450216,67.0781893004115
"E00004845",48.75,7.63358778625954,4.18604651162791,66.6666666666667
"E00004846",43.010752688172,13.3858267716535,2.53164556962025,73.3606557377049
"E00004847",52.5210084033613,8.75912408759124,0.495049504950495,70.6422018348624
"E00004848",37.3088685015291,5.0314465408805,4.71014492753623,72.4738675958188
"E00004849",52.7972027972028,2.17391304347826,3.37552742616034,70.3125
"E00004850",52.2421524663677,8.86699507389163,2.66666666666667,79.6915167095116
"E00004851",56.3829787234042,5.26315789473684,4.6242774566474,79.4285714285714
"E00004852",60.3448275862069,10.1449275362319,1.66666666666667,64.7058823529412
"E00004853",37.1335504885993,9.02777777777778,5.17241379310345,64.1638225255973
"E00174649",29.8342541436464,7.40740740740741,5.76271186440678,29.3918918918919
"E00174650",37.0044052863436,8.69565217391304,0.666666666666667,26.8292682926829
"E00174651",50.9306260575296,13.5802469135802,1.44665461121157,13.7184115523466
"E00174652",38.0952380952381,13.0952380952381,1.49253731343284,55.3956834532374
"E00174653",32.5678496868476,19.047619047619,4.56730769230769,30.2325581395349
"E00174654",33.456561922366,21.4285714285714,1.86335403726708,17.7914110429448
"E00174655",35.3159851301115,8.125,1.98412698412698,62.9770992366412
"E00174656",58.5585585585586,6.95652173913043,4.91803278688525,55.609756097561
"E00174657",41.4448669201521,11,5.0251256281407,57.9207920792079
"E00174658",78.0346820809249,3.75,3.37837837837838,61.6352201257862
"E00174659",45.0151057401813,19.2546583850932,10.2990033222591,61.9047619047619
"E00174660",37.3134328358209,13.7254901960784,4.58715596330275,35.6521739130435
"E00174661",31.6993464052288,29.7619047619048,3.51851851851852,30.9653916211293
"E00174662",38.8429752066116,3.33333333333333,1.68067226890756,75.6302521008403
"E00174663",43.75,5.40540540540541,1.45985401459854,70.9219858156028
"E00174664",56.9105691056911,3,0,80
"E00174665",33.4615384615385,19.4690265486726,5.69948186528497,54.228855721393
"E00174666",39.3548387096774,7.5,0.813008130081301,60.9756097560976
"E00174667",45,14.9425287356322,4.71204188481675,46.6666666666667
"E00174668",37.0503597122302,20.3703703703704,7.31707317073171,33.4821428571429
"E00174669",22.7626459143969,24.8,4.22163588390501,42.159383033419
"E00174670",36.6197183098592,16.8224299065421,2.17391304347826,68.586387434555
"E00174671",58.5227272727273,5.74712643678161,1.2987012987013,62.4203821656051
"E00174672",18.7755102040816,14.1843971631206,1.76991150442478,84.5814977973568
"E00174673",12.6126126126126,7.69230769230769,0.917431192660551,88.0733944954129
"E00174674",36.8421052631579,10.2272727272727,5.36912751677852,60.4026845637584
"E00174675",37.3540856031128,9.4017094017094,2.71493212669683,52.8138528138528
"E00174676",7.88177339901478,9.86842105263158,0.5,37.1287128712871
"E00174677",22.5201072386059,8.125,4.52830188679245,50.6756756756757
"E00174678",23.9495798319328,6.19469026548673,1.4218009478673,53.2110091743119
"E00174679",24.2718446601942,4.08163265306122,1.66389351081531,45.3488372093023
"E00174680",36.5145228215768,25.2747252747253,8.10810810810811,24.7422680412371
